mentor_id,name,specialization
1,Linda Roberts,Life Skills
2,Ryan Bishop,Physical Education
3,Emily Turner,Mental Health
4,Sara Shaw,Mental Health
5,Samantha Williams,Mental Health
6,Rickey Henry,Mental Health
7,Crystal Johnston,Mental Health
8,William Lee,Mental Health
9,Evelyn Smith,Life Skills
10,Logan Gonzalez,Physical Education
11,Christopher Aguirre,Mental Health
12,Joseph Wright,Life Skills
13,Tara Jones,Mental Health
14,Paul Roman,Life Skills
15,Christine Moore,Physical Education
16,Nicholas Scott,Life Skills
17,Sarah Hall,Life Skills
18,James Wilcox,Life Skills
19,Gloria Bryant,Mental Health
20,Rachel Moore,Life Skills
